planta_id,linea_id,sec_promedio
PLT_BIZ,PLT_BIZ_L02,580.2957998716242
PLT_CAN,PLT_CAN_L02,522.3090894035297
PLT_BIZ,PLT_BIZ_L01,470.3862587348888
PLT_ALA,PLT_ALA_L02,455.316924752314
PLT_BIZ,PLT_BIZ_L03,434.09387980866256
PLT_ALA,PLT_ALA_L01,429.70691064422346
PLT_CAN,PLT_CAN_L01,414.18138857072745
PLT_CAN,PLT_CAN_L03,409.63304035292794
PLT_CAN,PLT_CAN_L04,388.61401912902545
PLT_ALA,PLT_ALA_L03,387.56096164112853
PLT_ALA,PLT_ALA_L04,358.61665261879114
PLT_BIZ,PLT_BIZ_L04,345.5815729464108
