planta_id,turno,sec_promedio,scrap_promedio,varianza_operativa
PLT_BIZ,C,471.2243331444653,3.2088689808481536,212.90669376760854
PLT_BIZ,A,454.05126819592437,2.6563926812585494,205.03263267517008
PLT_CAN,C,446.03895128325,3.23058136114911,201.58665597588933
PLT_BIZ,B,446.27384364655165,2.665321203830368,201.53669468882785
PLT_CAN,A,429.30783851966487,2.6708636114911077,193.90477545286416
PLT_CAN,B,423.43924651996326,2.657561662106703,191.26105846305327
PLT_ALA,C,417.597034359033,3.2557050615595076,188.78817093352114
PLT_ALA,A,403.8850535958479,2.653160294117646,182.46030735171564
PLT_ALA,B,400.97540828809144,2.656581497948017,181.15207636815003
