planta_id,linea_id,perdida_total_eur
PLT_ALA,PLT_ALA_L01,11191405.99942207
PLT_CAN,PLT_CAN_L01,11140392.463199262
PLT_BIZ,PLT_BIZ_L04,10524629.704460986
PLT_BIZ,PLT_BIZ_L01,10131162.07593157
PLT_CAN,PLT_CAN_L02,9886241.815169292
PLT_ALA,PLT_ALA_L03,9670096.770023026
PLT_CAN,PLT_CAN_L04,9633699.971065436
PLT_BIZ,PLT_BIZ_L03,9542278.704844749
PLT_ALA,PLT_ALA_L04,9502511.684342656
PLT_ALA,PLT_ALA_L02,9449675.988161441
PLT_CAN,PLT_CAN_L03,9221931.883080142
PLT_BIZ,PLT_BIZ_L02,9094863.96941259
