planta_id,linea_id,oee_promedio
PLT_CAN,PLT_CAN_L02,0.9232019327474973
PLT_BIZ,PLT_BIZ_L02,0.9243514115933761
PLT_ALA,PLT_ALA_L02,0.925952595704744
PLT_CAN,PLT_CAN_L01,0.9279948611878844
PLT_ALA,PLT_ALA_L01,0.9297766219709244
PLT_ALA,PLT_ALA_L03,0.9345244539680165
PLT_CAN,PLT_CAN_L03,0.9385406404282775
PLT_BIZ,PLT_BIZ_L01,0.9391311306501544
PLT_BIZ,PLT_BIZ_L03,0.9422929365415911
PLT_BIZ,PLT_BIZ_L04,0.9477447131902108
PLT_CAN,PLT_CAN_L04,0.9482974159698436
PLT_ALA,PLT_ALA_L04,0.9514362524081978
