planta_id,linea_id,sec_promedio
PLT_BIZ,PLT_BIZ_L02,580.2957998716248
PLT_CAN,PLT_CAN_L02,522.3090894035294
PLT_BIZ,PLT_BIZ_L01,470.3862587348887
PLT_ALA,PLT_ALA_L02,455.31692475231387
PLT_BIZ,PLT_BIZ_L03,434.09387980866256
PLT_ALA,PLT_ALA_L01,429.7069106442233
PLT_CAN,PLT_CAN_L01,414.18138857072717
PLT_CAN,PLT_CAN_L03,409.63304035292856
PLT_CAN,PLT_CAN_L04,388.61401912902573
PLT_ALA,PLT_ALA_L03,387.5609616411285
PLT_ALA,PLT_ALA_L04,358.61665261879085
PLT_BIZ,PLT_BIZ_L04,345.5815729464108
