planta_id,linea_id,perdida_total_eur
PLT_ALA,PLT_ALA_L01,11191405.999422075
PLT_CAN,PLT_CAN_L01,11140392.463199252
PLT_BIZ,PLT_BIZ_L04,10524629.704460993
PLT_BIZ,PLT_BIZ_L01,10131162.075931562
PLT_CAN,PLT_CAN_L02,9886241.815169303
PLT_ALA,PLT_ALA_L03,9670096.77002303
PLT_CAN,PLT_CAN_L04,9633699.971065437
PLT_BIZ,PLT_BIZ_L03,9542278.704844767
PLT_ALA,PLT_ALA_L04,9502511.68434266
PLT_ALA,PLT_ALA_L02,9449675.98816144
PLT_CAN,PLT_CAN_L03,9221931.883080151
PLT_BIZ,PLT_BIZ_L02,9094863.9694126
