planta_id,turno,sec_promedio,scrap_promedio,varianza_operativa
PLT_BIZ,C,471.2243331444653,3.208868980848154,212.9066937676085
PLT_BIZ,A,454.0512681959245,2.6563926812585494,205.03263267517002
PLT_CAN,C,446.03895128325007,3.23058136114911,201.58665597588933
PLT_BIZ,B,446.27384364655165,2.6653212038303695,201.5366946888279
PLT_CAN,A,429.3078385196647,2.670863611491108,193.90477545286416
PLT_CAN,B,423.43924651996315,2.657561662106703,191.2610584630532
PLT_ALA,C,417.5970343590331,3.2557050615595076,188.7881709335211
PLT_ALA,A,403.8850535958478,2.653160294117647,182.4603073517157
PLT_ALA,B,400.97540828809144,2.6565814979480162,181.15207636815003
