planta_id,linea_id,perdida_total_eur
PLT_ALA,PLT_ALA_L01,11191405.999422068
PLT_CAN,PLT_CAN_L01,11140392.46319926
PLT_BIZ,PLT_BIZ_L04,10524629.704461003
PLT_BIZ,PLT_BIZ_L01,10131162.075931566
PLT_CAN,PLT_CAN_L02,9886241.815169288
PLT_ALA,PLT_ALA_L03,9670096.770023018
PLT_CAN,PLT_CAN_L04,9633699.971065426
PLT_BIZ,PLT_BIZ_L03,9542278.704844764
PLT_ALA,PLT_ALA_L04,9502511.684342653
PLT_ALA,PLT_ALA_L02,9449675.988161447
PLT_CAN,PLT_CAN_L03,9221931.883080136
PLT_BIZ,PLT_BIZ_L02,9094863.969412593
