planta_id,turno,sec_promedio,scrap_promedio,varianza_operativa
PLT_BIZ,C,471.22433314446545,3.2088689808481523,212.9066937676086
PLT_BIZ,A,454.0512681959245,2.65639268125855,205.0326326751701
PLT_CAN,C,446.03895128325,3.23058136114911,201.58665597588933
PLT_BIZ,B,446.27384364655165,2.6653212038303695,201.5366946888279
PLT_CAN,A,429.30783851966464,2.670863611491108,193.90477545286413
PLT_CAN,B,423.4392465199634,2.657561662106702,191.26105846305327
PLT_ALA,C,417.5970343590331,3.2557050615595076,188.78817093352112
PLT_ALA,A,403.88505359584786,2.653160294117647,182.46030735171564
PLT_ALA,B,400.9754082880914,2.656581497948016,181.15207636815003
