constraint_relaxation,baseline_objective_eur,relaxed_objective_eur,unlocked_value_eur
capex_plus_10pct,40737285.79769864,40737285.79769864,0.0
opex_plus_10pct,40737285.79769864,40737285.79769864,0.0
capacity_plus_4,40737285.79769864,46830858.3272408,6093572.529542163
all_plus,40737285.79769864,46830858.3272408,6093572.529542163
