constraint_relaxation,baseline_objective_eur,relaxed_objective_eur,unlocked_value_eur
capex_plus_10pct,40737285.79769863,40737285.797698624,0.0
opex_plus_10pct,40737285.79769863,40737285.797698624,0.0
capacity_plus_4,40737285.79769863,46830858.32724079,6093572.529542156
all_plus,40737285.79769863,46830858.32724079,6093572.529542156
