constraint_relaxation,baseline_objective_eur,relaxed_objective_eur,unlocked_value_eur
capex_plus_10pct,40737285.797698654,40737285.79769866,0.0
opex_plus_10pct,40737285.797698654,40737285.79769866,0.0
capacity_plus_4,40737285.797698654,46830858.327240825,6093572.52954217
all_plus,40737285.797698654,46830858.327240825,6093572.52954217
