escenario_label,ahorro_bruto,ahorro_neto,ahorro_ajustado_riesgo,var_95,valor_descontado,valor_downside,coste_retraso_12m
CAPEX Mayor,19909134.71258414,10460747.753118744,7505826.1665229555,2954921.586595789,19053656.52911344,8508727.19197971,9003474.002807667
Optimización de Parámetros de Proceso,9366310.618546806,6962512.391411342,4970959.432652665,1991552.9587586762,25716943.11555341,17381391.377914824,6383015.019706173
Quick Wins Operativos,6073835.457487861,5525238.791029161,3963147.581550969,1562091.2094781918,23906465.898944087,17053627.438096438,5166585.167390551
Mantenimiento y Restauración de Performance,6235953.236014722,4910522.358634411,3500405.8563972423,1410116.5022371686,19205392.96310204,13247244.484753571,4519597.0530988015
Reducción de Scrap/Reproceso,277447.81604272977,182610.96801515587,126150.8745894322,56460.093425723666,-62227.33229792444,-307624.67116817686,170083.69991137597
