escenario_label,ahorro_bruto,ahorro_neto,ahorro_ajustado_riesgo,var_95,valor_descontado,valor_downside,coste_retraso_12m
CAPEX Mayor,19909134.712584138,10460747.753118742,7505826.166522954,2954921.5865957886,19053656.529113434,8508727.191979703,9003474.002807664
Optimización de Parámetros de Proceso,9366310.618546803,6962512.391411339,4970959.432652663,1991552.9587586755,25716943.115553398,17381391.377914812,6383015.019706169
Quick Wins Operativos,6073835.457487859,5525238.791029158,3963147.5815509674,1562091.209478191,23906465.898944076,17053627.438096434,5166585.167390549
Mantenimiento y Restauración de Performance,6235953.236014716,4910522.358634407,3500405.8563972395,1410116.5022371674,19205392.963102017,13247244.484753558,4519597.053098793
Reducción de Scrap/Reproceso,277447.8160427293,182610.96801515552,126150.87458943197,56460.09342572355,-62227.33229792597,-307624.67116817785,170083.69991137576
